{
  "UKDALE_V8.1": {
    "epoch": 23,
    "overall": {
      "MAE": 20.405,
      "MSE": 13622.783,
      "RMSE": 116.717,
      "TECA": 0.5889999866485596,
      "NDE": 0.39800000190734863,
      "SAE": 0.5519999861717224,
      "MR": 0.5130000114440918,
      "ACCURACY": 0.89,
      "BALANCED_ACCURACY": 0.894,
      "PRECISION": 0.496,
      "RECALL": 0.899,
      "F1_SCORE": 0.639
    },
    "per_device": {
      "washing_machine": {
        "MAE": 11.462,
        "MSE": 13617.48,
        "RMSE": 116.694,
        "TECA": 0.7459999918937683,
        "NDE": 0.3179999887943268,
        "SAE": 0.028999999165534973,
        "MR": 0.5899999737739563,
        "ACCURACY": 0.96,
        "BALANCED_ACCURACY": 0.751,
        "PRECISION": 0.519,
        "RECALL": 0.523,
        "F1_SCORE": 0.521
      },
      "dishwasher": {
        "MAE": 11.604,
        "MSE": 13025.371,
        "RMSE": 114.129,
        "TECA": 0.859000027179718,
        "NDE": 0.1459999978542328,
        "SAE": 0.18400000035762787,
        "MR": 0.7720000147819519,
        "ACCURACY": 0.988,
        "BALANCED_ACCURACY": 0.97,
        "PRECISION": 0.757,
        "RECALL": 0.951,
        "F1_SCORE": 0.843
      },
      "kettle": {
        "MAE": 32.433,
        "MSE": 27349.781,
        "RMSE": 165.378,
        "TECA": 0.0,
        "NDE": 0.878000020980835,
        "SAE": 1.809999942779541,
        "MR": 0.31200000643730164,
        "ACCURACY": 0.987,
        "BALANCED_ACCURACY": 0.956,
        "PRECISION": 0.368,
        "RECALL": 0.924,
        "F1_SCORE": 0.527
      },
      "microwave": {
        "MAE": 20.846,
        "MSE": 12373.692,
        "RMSE": 111.237,
        "TECA": -2.0889999866485596,
        "NDE": 3.2690000534057617,
        "SAE": 5.38700008392334,
        "MR": 0.08900000154972076,
        "ACCURACY": 0.973,
        "BALANCED_ACCURACY": 0.841,
        "PRECISION": 0.085,
        "RECALL": 0.709,
        "F1_SCORE": 0.152
      },
      "fridge": {
        "MAE": 25.681,
        "MSE": 1747.591,
        "RMSE": 41.804,
        "TECA": 0.6850000023841858,
        "NDE": 0.4230000078678131,
        "SAE": 0.3440000116825104,
        "MR": 0.5759999752044678,
        "ACCURACY": 0.754,
        "BALANCED_ACCURACY": 0.776,
        "PRECISION": 0.649,
        "RECALL": 0.946,
        "F1_SCORE": 0.77
      }
    }
  },
  "REFIT_V8.1": {
    "epoch": 14,
    "overall": {
      "MAE": 21.899,
      "MSE": 18436.191,
      "RMSE": 135.78,
      "TECA": 0.6169999837875366,
      "NDE": 0.47999998927116394,
      "SAE": 0.08699999749660492,
      "MR": 0.46299999952316284,
      "ACCURACY": 0.9,
      "BALANCED_ACCURACY": 0.836,
      "PRECISION": 0.595,
      "RECALL": 0.749,
      "F1_SCORE": 0.663
    },
    "per_device": {
      "Dishwasher": {
        "MAE": 19.249,
        "MSE": 25245.164,
        "RMSE": 158.887,
        "TECA": 0.7239999771118164,
        "NDE": 0.36000001430511475,
        "SAE": 0.028999999165534973,
        "MR": 0.5619999766349792,
        "ACCURACY": 0.969,
        "BALANCED_ACCURACY": 0.813,
        "PRECISION": 0.629,
        "RECALL": 0.643,
        "F1_SCORE": 0.636
      },
      "WashingMachine": {
        "MAE": 19.9,
        "MSE": 25498.691,
        "RMSE": 159.683,
        "TECA": 0.4519999921321869,
        "NDE": 0.9539999961853027,
        "SAE": 0.24899999797344208,
        "MR": 0.23000000417232513,
        "ACCURACY": 0.95,
        "BALANCED_ACCURACY": 0.559,
        "PRECISION": 0.443,
        "RECALL": 0.126,
        "F1_SCORE": 0.196
      },
      "Kettle": {
        "MAE": 17.45,
        "MSE": 20512.729,
        "RMSE": 143.223,
        "TECA": 0.6320000290870667,
        "NDE": 0.3880000114440918,
        "SAE": 0.2070000022649765,
        "MR": 0.5,
        "ACCURACY": 0.993,
        "BALANCED_ACCURACY": 0.868,
        "PRECISION": 0.658,
        "RECALL": 0.74,
        "F1_SCORE": 0.696
      },
      "Fridge": {
        "MAE": 30.998,
        "MSE": 2488.178,
        "RMSE": 49.882,
        "TECA": 0.5879999995231628,
        "NDE": 0.628000020980835,
        "SAE": 0.28299999237060547,
        "MR": 0.4690000116825104,
        "ACCURACY": 0.709,
        "BALANCED_ACCURACY": 0.722,
        "PRECISION": 0.625,
        "RECALL": 0.819,
        "F1_SCORE": 0.709
      }
    }
  }
}